{
  "timestamp": 1771124995.7225332,
  "results": {
    "navigation": 2.773233413696289,
    "aria_snapshot": 0.3203279972076416,
    "node_count": 500,
    "screenshot": 0.09601902961730957,
    "click": 0.7534606456756592,
    "fill_fast": 0.06651902198791504,
    "fill_slow": 4.302162170410156
  },
  "total_time": 8.31172227859497
}