{
  "timestamp": 1771124887.9045112,
  "results": {
    "navigation": 4.289654970169067,
    "success": true,
    "aria_snapshot": 0.22412633895874023,
    "node_count": 500,
    "screenshot": 0.04871630668640137,
    "click": 2.140233278274536,
    "fill_fast": 1.014122724533081,
    "fill_slow": 12.917335033416748
  },
  "total_time": 21.634188652038574,
  "estimated_full_add": 28.820013523101807
}